Cytometer Performance Report,
Cytometer:,LSRFortessa,User:,Administrator,
Cytometer Name:,LSRFortessa,Institution:,N/A,
Serial Number:,1,Software:,BD FACSDiva 8.0.1,
Input Device:,Manual,Date:,04/21/2026 09:19 AM,
Cytometer Configuration:,CST N Carolina 2-Blue 3-Red 3-YG 6-Violet 4-UV,Cytometer Baseline:,03/13/2026 10:41 AM,
 , ,P/F:,Pass,
Setup Beads,
Bead Product:,CST Setup Beads,Part #:,910858,
Lot ID:,11545,Expiration Date:,04/30/2027,
Bead Lot Information:,Available, , ,
Detector Settings,
Laser,Detector,Parameter,Target Value,Actual Target Value,% Difference Target Value,Bright Bead %Robust CV,Mid Bead Median Channel,Mid Bead %Robust CV,
Blue,FSC,FSC,125000,124062,-1,5,124017,4.88,
Blue,C,SSC,125000,122579,-2,5.39,121075,4.39,
Blue,B,FITC,7983,7786,-3,3.5,163,11.86,
Blue,A,PerCP-Cy5-5,42568,41320,-3,2.9,1005,8.86,
Red,C,APC,30500,29702,-3,2.07,1058,7.82,
Red,B,Alexa Fluor 700,29767,29208,-2,2.11,696,8.59,
Red,A,APC-Cy7,24925,24255,-3,2.28,536,9.78,
Violet,F,BV 421,8740,8279,-6,3.63,263,17.88,
Violet,E,BV 510,34916,34180,-3,3.43,668,9.69,
Violet,D,BV 605,54645,53995,-2,4.61,1043,31.33,
Violet,C,BV 650,10072,9872,-2,4.34,570,12.73,
Violet,B,BV 711,25712,24478,-5,4.41,840,9.46,
Violet,A,BV 785,48481,47300,-3,5.8,915,14.04,
UV,C,BUV396,3460,3518,1,4.75,378,5.56,
UV,B,BUV496,23879,22882,-5,4.43,1138,10.41,
UV,A,BUV737,34947,34457,-2,5.95,909,13.56,
Yel Gr,D,PE,17463,16855,-4,2.82,401,6.92,
Yel Gr,C,PE-Texas Red,18721,18222,-3,2.69,416,9.13,
Yel Gr,B,PE-Cy5,21532,20791,-4,2.42,535,7.79,
Yel Gr,A,PE-Cy7,29138,28538,-3,3.26,629,7.29,
Detector Settings (Continued),
Laser,Detector,Parameter,Dim Bead Median Channel,Dim Bead %Robust CV,PMTV,? PMTV,Qr,Br,P/F,
Blue,FSC,FSC,26233,17.1,657,5,N/A,N/A,Pass,
Blue,C,SSC,58496,3.58,251,2,N/A,N/A,Pass,
Blue,B,FITC,34,44.76,407,1,0.1594,912,Pass,
Blue,A,PerCP-Cy5-5,153,25.87,531,0,0.0542,762,Pass,
Red,C,APC,124,24.38,527,-2,0.0665,216,Pass,
Red,B,Alexa Fluor 700,82,30.85,505,0,0.0104,1808,Pass,
Red,A,APC-Cy7,64,39.28,534,-1,0.0102,2770,Pass,
Violet,F,BV 421,38,99.69,436,0,0.0530,3142,Pass,
Violet,E,BV 510,119,32.95,466,1,0.0276,3044,Pass,
Violet,D,BV 605,175,124.76,731,4,0.1669,45,Pass,
Violet,C,BV 650,147,25.26,539,1,0.1185,0,Pass,
Violet,B,BV 711,105,26.87,513,-1,0.5838,13,Pass,
Violet,A,BV 785,100,47.46,555,2,0.2346,18,Pass,
UV,C,BUV396,36,37.07,321,3,0.4702,0,Pass,
UV,B,BUV496,150,51.54,473,2,0.1678,810,Pass,
UV,A,BUV737,104,35.69,519,2,0.0715,0,Pass,
Yel Gr,D,PE,94,17.33,433,-3,0.7741,35,Pass,
Yel Gr,C,PE-Texas Red,90,21.27,516,-2,0.3318,1,Pass,
Yel Gr,B,PE-Cy5,80,28.45,507,-5,0.4217,110,Pass,
Yel Gr,A,PE-Cy7,80,21.71,512,-3,0.3862,8,Pass,
Specifications,
PMTV Delta from baseline:,100 (Custom),
Blue Laser Primary Channel Bright Bead %Robust CV:,6.00 (Recommended),
Violet Laser Primary Channel Bright Bead %Robust CV:,6.00 (Recommended),
UV Laser Primary Channel Bright Bead %Robust CV:,9.00 (Recommended),
Red Laser Primary Channel Bright Bead %Robust CV:,6.00 (Recommended),
Yel Gr Laser Primary Channel Bright Bead %Robust CV:,6.00 (Recommended),
Laser Settings,
Laser,Delay (Trigger on FSC),Delay (Trigger on Fluorescence),Area Scaling Factor,
Blue,0.00,0.00,0.65,
Violet,42.45,42.76,0.66,
UV,86.03,86.31,0.64,
Red,122.45,122.83,0.55,
Yel Gr,167.33,167.70,0.41,
Window Extension:,10.00,
FSC Area Scaling Factor:,0.58,
Threshold ,
Threshold (FSC):  ,10144,
Comments,
Research Use Only,
